{
    "Window_1": {
        "TENKAN_SEN_PERIOD": 7,
        "KIJUN_SEN_PERIOD": 29,
        "SENKOU_SPAN_B_PERIOD": 30,
        "RSI_PERIOD": 11,
        "RSI_OVERBOUGHT": 84.74112881152449,
        "RSI_OVERSOLD": 24.564272567287524,
        "ADX_PERIOD": 11,
        "ADX_THRESHOLD": 38.4154821380612,
        "BBANDS_PERIOD": 25,
        "BBANDS_STD": 1.845766052062459,
        "STOP_LOSS_MULTIPLIER": 0.50032432373573,
        "TAKE_PROFIT_MULTIPLIER": 1.7609596606510607,
        "POSITION_SIZE_PCT": 2.7485007697599064
    },
    "Window_2": {
        "TENKAN_SEN_PERIOD": 7,
        "KIJUN_SEN_PERIOD": 29,
        "SENKOU_SPAN_B_PERIOD": 30,
        "RSI_PERIOD": 11,
        "RSI_OVERBOUGHT": 84.74112881152449,
        "RSI_OVERSOLD": 24.564272567287524,
        "ADX_PERIOD": 11,
        "ADX_THRESHOLD": 38.4154821380612,
        "BBANDS_PERIOD": 25,
        "BBANDS_STD": 1.845766052062459,
        "STOP_LOSS_MULTIPLIER": 0.50032432373573,
        "TAKE_PROFIT_MULTIPLIER": 1.7609596606510607,
        "POSITION_SIZE_PCT": 2.7485007697599064
    },
    "Window_3": {
        "TENKAN_SEN_PERIOD": 8,
        "KIJUN_SEN_PERIOD": 34,
        "SENKOU_SPAN_B_PERIOD": 59,
        "RSI_PERIOD": 17,
        "RSI_OVERBOUGHT": 76.40887948810798,
        "RSI_OVERSOLD": 25.416685200516476,
        "ADX_PERIOD": 29,
        "ADX_THRESHOLD": 36.89067697356303,
        "BBANDS_PERIOD": 26,
        "BBANDS_STD": 2.0396921323890798,
        "STOP_LOSS_MULTIPLIER": 1.9668779141596209,
        "TAKE_PROFIT_MULTIPLIER": 4.861021229056552,
        "POSITION_SIZE_PCT": 15.568821944480435
    },
    "Window_4": {
        "TENKAN_SEN_PERIOD": 8,
        "KIJUN_SEN_PERIOD": 34,
        "SENKOU_SPAN_B_PERIOD": 59,
        "RSI_PERIOD": 17,
        "RSI_OVERBOUGHT": 76.40887948810798,
        "RSI_OVERSOLD": 25.416685200516476,
        "ADX_PERIOD": 29,
        "ADX_THRESHOLD": 36.89067697356303,
        "BBANDS_PERIOD": 26,
        "BBANDS_STD": 2.0396921323890798,
        "STOP_LOSS_MULTIPLIER": 1.9668779141596209,
        "TAKE_PROFIT_MULTIPLIER": 4.861021229056552,
        "POSITION_SIZE_PCT": 15.568821944480435
    }
}