{
    "Window_1": {
        "TENKAN_SEN_PERIOD": 10,
        "KIJUN_SEN_PERIOD": 29,
        "SENKOU_SPAN_B_PERIOD": 59,
        "RSI_PERIOD": 23,
        "RSI_OVERBOUGHT": 76.46352668464816,
        "RSI_OVERSOLD": 16.44460710836367,
        "ADX_PERIOD": 15,
        "ADX_THRESHOLD": 31.3210381660613,
        "BBANDS_PERIOD": 19,
        "BBANDS_STD": 1.6433509715043892,
        "STOP_LOSS_MULTIPLIER": 1.9456230075631726,
        "TAKE_PROFIT_MULTIPLIER": 3.5597342121622426,
        "POSITION_SIZE_PCT": 3.809104583888452
    },
    "Window_2": {
        "TENKAN_SEN_PERIOD": 10,
        "KIJUN_SEN_PERIOD": 29,
        "SENKOU_SPAN_B_PERIOD": 59,
        "RSI_PERIOD": 23,
        "RSI_OVERBOUGHT": 76.46352668464816,
        "RSI_OVERSOLD": 16.44460710836367,
        "ADX_PERIOD": 15,
        "ADX_THRESHOLD": 31.3210381660613,
        "BBANDS_PERIOD": 19,
        "BBANDS_STD": 1.6433509715043892,
        "STOP_LOSS_MULTIPLIER": 1.9456230075631726,
        "TAKE_PROFIT_MULTIPLIER": 3.5597342121622426,
        "POSITION_SIZE_PCT": 3.809104583888452
    },
    "Window_3": {
        "TENKAN_SEN_PERIOD": 10,
        "KIJUN_SEN_PERIOD": 29,
        "SENKOU_SPAN_B_PERIOD": 59,
        "RSI_PERIOD": 23,
        "RSI_OVERBOUGHT": 76.46352668464816,
        "RSI_OVERSOLD": 16.44460710836367,
        "ADX_PERIOD": 15,
        "ADX_THRESHOLD": 31.3210381660613,
        "BBANDS_PERIOD": 19,
        "BBANDS_STD": 1.6433509715043892,
        "STOP_LOSS_MULTIPLIER": 1.9456230075631726,
        "TAKE_PROFIT_MULTIPLIER": 3.5597342121622426,
        "POSITION_SIZE_PCT": 3.809104583888452
    },
    "Window_4": {
        "TENKAN_SEN_PERIOD": 12,
        "KIJUN_SEN_PERIOD": 29,
        "SENKOU_SPAN_B_PERIOD": 39,
        "RSI_PERIOD": 15,
        "RSI_OVERBOUGHT": 65.80867179076863,
        "RSI_OVERSOLD": 29.213257793715748,
        "ADX_PERIOD": 12,
        "ADX_THRESHOLD": 28.786730037315404,
        "BBANDS_PERIOD": 18,
        "BBANDS_STD": 2.3957635956735195,
        "STOP_LOSS_MULTIPLIER": 1.6884255579552796,
        "TAKE_PROFIT_MULTIPLIER": 3.253102287905535,
        "POSITION_SIZE_PCT": 17.692386074227063
    },
    "Window_5": {
        "TENKAN_SEN_PERIOD": 12,
        "KIJUN_SEN_PERIOD": 29,
        "SENKOU_SPAN_B_PERIOD": 39,
        "RSI_PERIOD": 15,
        "RSI_OVERBOUGHT": 65.80867179076863,
        "RSI_OVERSOLD": 29.213257793715748,
        "ADX_PERIOD": 12,
        "ADX_THRESHOLD": 28.786730037315404,
        "BBANDS_PERIOD": 18,
        "BBANDS_STD": 2.3957635956735195,
        "STOP_LOSS_MULTIPLIER": 1.6884255579552796,
        "TAKE_PROFIT_MULTIPLIER": 3.253102287905535,
        "POSITION_SIZE_PCT": 17.692386074227063
    },
    "Window_6": {
        "TENKAN_SEN_PERIOD": 12,
        "KIJUN_SEN_PERIOD": 22,
        "SENKOU_SPAN_B_PERIOD": 60,
        "RSI_PERIOD": 20,
        "RSI_OVERBOUGHT": 66.87769142209522,
        "RSI_OVERSOLD": 28.34802847838904,
        "ADX_PERIOD": 15,
        "ADX_THRESHOLD": 26.76142363685123,
        "BBANDS_PERIOD": 17,
        "BBANDS_STD": 2.1666244564596524,
        "STOP_LOSS_MULTIPLIER": 1.9977897192095766,
        "TAKE_PROFIT_MULTIPLIER": 2.5244753852555757,
        "POSITION_SIZE_PCT": 11.363693313952627
    },
    "Window_7": {
        "TENKAN_SEN_PERIOD": 12,
        "KIJUN_SEN_PERIOD": 22,
        "SENKOU_SPAN_B_PERIOD": 60,
        "RSI_PERIOD": 20,
        "RSI_OVERBOUGHT": 66.87769142209522,
        "RSI_OVERSOLD": 28.34802847838904,
        "ADX_PERIOD": 15,
        "ADX_THRESHOLD": 26.76142363685123,
        "BBANDS_PERIOD": 17,
        "BBANDS_STD": 2.1666244564596524,
        "STOP_LOSS_MULTIPLIER": 1.9977897192095766,
        "TAKE_PROFIT_MULTIPLIER": 2.5244753852555757,
        "POSITION_SIZE_PCT": 11.363693313952627
    },
    "Window_8": {
        "TENKAN_SEN_PERIOD": 12,
        "KIJUN_SEN_PERIOD": 22,
        "SENKOU_SPAN_B_PERIOD": 60,
        "RSI_PERIOD": 20,
        "RSI_OVERBOUGHT": 66.87769142209522,
        "RSI_OVERSOLD": 28.34802847838904,
        "ADX_PERIOD": 15,
        "ADX_THRESHOLD": 26.76142363685123,
        "BBANDS_PERIOD": 17,
        "BBANDS_STD": 2.1666244564596524,
        "STOP_LOSS_MULTIPLIER": 1.9977897192095766,
        "TAKE_PROFIT_MULTIPLIER": 2.5244753852555757,
        "POSITION_SIZE_PCT": 11.363693313952627
    },
    "Window_9": {
        "TENKAN_SEN_PERIOD": 12,
        "KIJUN_SEN_PERIOD": 29,
        "SENKOU_SPAN_B_PERIOD": 39,
        "RSI_PERIOD": 24,
        "RSI_OVERBOUGHT": 67.1932201330712,
        "RSI_OVERSOLD": 30.618910289947948,
        "ADX_PERIOD": 12,
        "ADX_THRESHOLD": 28.776894085389156,
        "BBANDS_PERIOD": 23,
        "BBANDS_STD": 2.471108108406932,
        "STOP_LOSS_MULTIPLIER": 1.6887374364045906,
        "TAKE_PROFIT_MULTIPLIER": 3.253308482280859,
        "POSITION_SIZE_PCT": 18.537774990621354
    },
    "Window_10": {
        "TENKAN_SEN_PERIOD": 12,
        "KIJUN_SEN_PERIOD": 29,
        "SENKOU_SPAN_B_PERIOD": 39,
        "RSI_PERIOD": 24,
        "RSI_OVERBOUGHT": 67.1932201330712,
        "RSI_OVERSOLD": 30.618910289947948,
        "ADX_PERIOD": 12,
        "ADX_THRESHOLD": 28.776894085389156,
        "BBANDS_PERIOD": 23,
        "BBANDS_STD": 2.471108108406932,
        "STOP_LOSS_MULTIPLIER": 1.6887374364045906,
        "TAKE_PROFIT_MULTIPLIER": 3.253308482280859,
        "POSITION_SIZE_PCT": 18.537774990621354
    },
    "Window_11": {
        "TENKAN_SEN_PERIOD": 12,
        "KIJUN_SEN_PERIOD": 29,
        "SENKOU_SPAN_B_PERIOD": 39,
        "RSI_PERIOD": 24,
        "RSI_OVERBOUGHT": 67.1932201330712,
        "RSI_OVERSOLD": 30.618910289947948,
        "ADX_PERIOD": 12,
        "ADX_THRESHOLD": 28.776894085389156,
        "BBANDS_PERIOD": 23,
        "BBANDS_STD": 2.471108108406932,
        "STOP_LOSS_MULTIPLIER": 1.6887374364045906,
        "TAKE_PROFIT_MULTIPLIER": 3.253308482280859,
        "POSITION_SIZE_PCT": 18.537774990621354
    },
    "Window_12": {
        "TENKAN_SEN_PERIOD": 12,
        "KIJUN_SEN_PERIOD": 29,
        "SENKOU_SPAN_B_PERIOD": 39,
        "RSI_PERIOD": 24,
        "RSI_OVERBOUGHT": 67.1932201330712,
        "RSI_OVERSOLD": 30.618910289947948,
        "ADX_PERIOD": 12,
        "ADX_THRESHOLD": 28.776894085389156,
        "BBANDS_PERIOD": 23,
        "BBANDS_STD": 2.471108108406932,
        "STOP_LOSS_MULTIPLIER": 1.6887374364045906,
        "TAKE_PROFIT_MULTIPLIER": 3.253308482280859,
        "POSITION_SIZE_PCT": 18.537774990621354
    },
    "Window_13": {
        "TENKAN_SEN_PERIOD": 12,
        "KIJUN_SEN_PERIOD": 29,
        "SENKOU_SPAN_B_PERIOD": 39,
        "RSI_PERIOD": 24,
        "RSI_OVERBOUGHT": 67.1932201330712,
        "RSI_OVERSOLD": 30.618910289947948,
        "ADX_PERIOD": 12,
        "ADX_THRESHOLD": 28.776894085389156,
        "BBANDS_PERIOD": 23,
        "BBANDS_STD": 2.471108108406932,
        "STOP_LOSS_MULTIPLIER": 1.6887374364045906,
        "TAKE_PROFIT_MULTIPLIER": 3.253308482280859,
        "POSITION_SIZE_PCT": 18.537774990621354
    },
    "Window_14": {
        "TENKAN_SEN_PERIOD": 12,
        "KIJUN_SEN_PERIOD": 29,
        "SENKOU_SPAN_B_PERIOD": 39,
        "RSI_PERIOD": 24,
        "RSI_OVERBOUGHT": 67.1932201330712,
        "RSI_OVERSOLD": 30.618910289947948,
        "ADX_PERIOD": 12,
        "ADX_THRESHOLD": 28.776894085389156,
        "BBANDS_PERIOD": 23,
        "BBANDS_STD": 2.471108108406932,
        "STOP_LOSS_MULTIPLIER": 1.6887374364045906,
        "TAKE_PROFIT_MULTIPLIER": 3.253308482280859,
        "POSITION_SIZE_PCT": 18.537774990621354
    },
    "Window_15": {
        "TENKAN_SEN_PERIOD": 12,
        "KIJUN_SEN_PERIOD": 29,
        "SENKOU_SPAN_B_PERIOD": 39,
        "RSI_PERIOD": 24,
        "RSI_OVERBOUGHT": 67.1932201330712,
        "RSI_OVERSOLD": 30.618910289947948,
        "ADX_PERIOD": 12,
        "ADX_THRESHOLD": 28.776894085389156,
        "BBANDS_PERIOD": 23,
        "BBANDS_STD": 2.471108108406932,
        "STOP_LOSS_MULTIPLIER": 1.6887374364045906,
        "TAKE_PROFIT_MULTIPLIER": 3.253308482280859,