{
    "Window_1": {
        "TENKAN_SEN_PERIOD": 14,
        "KIJUN_SEN_PERIOD": 34,
        "SENKOU_SPAN_B_PERIOD": 63,
        "RSI_PERIOD": 14,
        "RSI_OVERBOUGHT": 70.213079515498,
        "RSI_OVERSOLD": 26.460666242893467,
        "ADX_PERIOD": 30,
        "ADX_THRESHOLD": 29.585704609862013,
        "BBANDS_PERIOD": 24,
        "BBANDS_STD": 1.9420706065695328,
        "STOP_LOSS_MULTIPLIER": 2.966296394938615,
        "TAKE_PROFIT_MULTIPLIER": 1.038010761733085,
        "POSITION_SIZE_PCT": 22.594165474712966
    },
    "Window_2": {
        "TENKAN_SEN_PERIOD": 14,
        "KIJUN_SEN_PERIOD": 34,
        "SENKOU_SPAN_B_PERIOD": 63,
        "RSI_PERIOD": 14,
        "RSI_OVERBOUGHT": 70.213079515498,
        "RSI_OVERSOLD": 26.460666242893467,
        "ADX_PERIOD": 30,
        "ADX_THRESHOLD": 29.585704609862013,
        "BBANDS_PERIOD": 24,
        "BBANDS_STD": 1.9420706065695328,
        "STOP_LOSS_MULTIPLIER": 2.966296394938615,
        "TAKE_PROFIT_MULTIPLIER": 1.038010761733085,
        "POSITION_SIZE_PCT": 22.594165474712966
    },
    "Window_3": {
        "TENKAN_SEN_PERIOD": 8,
        "KIJUN_SEN_PERIOD": 34,
        "SENKOU_SPAN_B_PERIOD": 59,
        "RSI_PERIOD": 17,
        "RSI_OVERBOUGHT": 76.40887948810798,
        "RSI_OVERSOLD": 25.416685200516476,
        "ADX_PERIOD": 29,
        "ADX_THRESHOLD": 36.89067697356303,
        "BBANDS_PERIOD": 26,
        "BBANDS_STD": 2.0396921323890798,
        "STOP_LOSS_MULTIPLIER": 1.9668779141596209,
        "TAKE_PROFIT_MULTIPLIER": 4.861021229056552,
        "POSITION_SIZE_PCT": 15.568821944480435
    },
    "Window_4": {
        "TENKAN_SEN_PERIOD": 8,
        "KIJUN_SEN_PERIOD": 34,
        "SENKOU_SPAN_B_PERIOD": 59,
        "RSI_PERIOD": 17,
        "RSI_OVERBOUGHT": 76.40887948810798,
        "RSI_OVERSOLD": 25.416685200516476,
        "ADX_PERIOD": 29,
        "ADX_THRESHOLD": 36.89067697356303,
        "BBANDS_PERIOD": 26,
        "BBANDS_STD": 2.0396921323890798,
        "STOP_LOSS_MULTIPLIER": 1.9668779141596209,
        "TAKE_PROFIT_MULTIPLIER": 4.861021229056552,
        "POSITION_SIZE_PCT": 15.568821944480435
    }
}