{
    "Window_1": {
        "TENKAN_SEN_PERIOD": 5,
        "KIJUN_SEN_PERIOD": 20,
        "SENKOU_SPAN_B_PERIOD": 62,
        "RSI_PERIOD": 16,
        "RSI_OVERBOUGHT": 83.89110212383862,
        "RSI_OVERSOLD": 22.627000767191063,
        "ADX_PERIOD": 19,
        "ADX_THRESHOLD": 27.62987165735165,
        "BBANDS_PERIOD": 20,
        "BBANDS_STD": 1.9042490634113405,
        "STOP_LOSS_MULTIPLIER": 1.0178631645149931,
        "TAKE_PROFIT_MULTIPLIER": 2.361275301294955,
        "POSITION_SIZE_PCT": 12.168051565137883
    },
    "Window_2": {
        "TENKAN_SEN_PERIOD": 5,
        "KIJUN_SEN_PERIOD": 20,
        "SENKOU_SPAN_B_PERIOD": 62,
        "RSI_PERIOD": 16,
        "RSI_OVERBOUGHT": 83.89110212383862,
        "RSI_OVERSOLD": 22.627000767191063,
        "ADX_PERIOD": 19,
        "ADX_THRESHOLD": 27.62987165735165,
        "BBANDS_PERIOD": 20,
        "BBANDS_STD": 1.9042490634113405,
        "STOP_LOSS_MULTIPLIER": 1.0178631645149931,
        "TAKE_PROFIT_MULTIPLIER": 2.361275301294955,
        "POSITION_SIZE_PCT": 12.168051565137883
    },
    "Window_3": {
        "TENKAN_SEN_PERIOD": 8,
        "KIJUN_SEN_PERIOD": 34,
        "SENKOU_SPAN_B_PERIOD": 59,
        "RSI_PERIOD": 17,
        "RSI_OVERBOUGHT": 76.40887948810798,
        "RSI_OVERSOLD": 25.416685200516476,
        "ADX_PERIOD": 29,
        "ADX_THRESHOLD": 36.89067697356303,
        "BBANDS_PERIOD": 26,
        "BBANDS_STD": 2.0396921323890798,
        "STOP_LOSS_MULTIPLIER": 1.9668779141596209,
        "TAKE_PROFIT_MULTIPLIER": 4.861021229056552,
        "POSITION_SIZE_PCT": 15.568821944480435
    },
    "Window_4": {
        "TENKAN_SEN_PERIOD": 8,
        "KIJUN_SEN_PERIOD": 34,
        "SENKOU_SPAN_B_PERIOD": 59,
        "RSI_PERIOD": 17,
        "RSI_OVERBOUGHT": 76.40887948810798,
        "RSI_OVERSOLD": 25.416685200516476,
        "ADX_PERIOD": 29,
        "ADX_THRESHOLD": 36.89067697356303,
        "BBANDS_PERIOD": 26,
        "BBANDS_STD": 2.0396921323890798,
        "STOP_LOSS_MULTIPLIER": 1.9668779141596209,
        "TAKE_PROFIT_MULTIPLIER": 4.861021229056552,
        "POSITION_SIZE_PCT": 15.568821944480435
    }
}